Student_ID,Python,Java,C++,JavaScript,HTML,CSS,React,Node.js,SQL,Database Design,Machine Learning,Deep Learning,Data Analytics,Excel,Cloud Computing,Linux,Networking,Cyber Security,Git,UI/UX Design,Career
S0001,1,0,0,0,0,0,0,0,0,0,1,1,1,0,1,0,0,0,1,0,AI / Machine Learning Engineer
S0002,1,1,0,0,0,0,0,0,1,0,1,1,1,0,0,0,0,0,0,0,AI / Machine Learning Engineer
S0003,1,0,0,0,0,0,0,0,1,0,1,1,1,0,1,0,0,0,0,0,AI / Machine Learning Engineer
S0004,1,0,0,0,0,0,0,0,1,0,1,1,1,0,1,0,0,0,0,0,AI / Machine Learning Engineer
S0005,1,0,1,0,0,0,0,0,1,0,1,1,1,0,1,0,0,0,0,0,AI / Machine Learning Engineer
S0006,1,0,0,0,0,0,0,0,1,0,1,1,1,0,0,0,0,0,0,0,AI / Machine Learning Engineer
S0007,1,0,0,0,0,0,0,0,0,0,1,1,1,0,1,0,0,0,0,0,AI / Machine Learning Engineer
S0008,1,0,0,1,0,0,0,0,1,0,1,1,1,0,0,0,0,0,1,0,AI / Machine Learning Engineer
S0009,1,0,0,0,0,0,0,0,1,0,1,1,1,1,0,0,0,0,0,0,AI / Machine Learning Engineer
S0010,1,0,0,0,0,0,0,0,1,0,1,1,1,0,0,0,0,0,0,0,AI / Machine Learning Engineer
S0011,1,0,0,0,0,0,0,0,1,0,1,1,1,0,1,0,0,0,1,1,AI / Machine Learning Engineer
S0012,1,0,1,0,0,0,0,0,1,0,1,1,1,1,0,0,0,0,0,0,AI / Machine Learning Engineer
S0013,1,0,0,0,0,0,0,0,1,0,1,1,1,1,1,1,0,0,1,0,AI / Machine Learning Engineer
S0014,1,0,0,0,0,0,0,0,1,0,1,1,1,0,1,1,0,0,0,0,AI / Machine Learning Engineer
S0015,1,0,0,0,0,1,0,0,1,0,1,1,1,0,0,0,0,0,0,0,AI / Machine Learning Engineer
S0016,1,0,0,0,0,0,0,0,1,0,1,1,1,0,0,0,0,0,0,0,AI / Machine Learning Engineer
S0017,1,0,0,0,0,0,0,0,1,0,1,1,1,0,0,0,0,0,0,0,AI / Machine Learning Engineer
S0018,1,0,0,0,0,0,0,0,1,0,1,1,1,1,0,0,0,0,1,0,AI / Machine Learning Engineer
S0019,1,0,0,0,0,0,0,0,1,0,1,1,1,0,0,0,0,0,0,0,AI / Machine Learning Engineer
S0020,1,0,0,0,0,0,0,0,1,0,1,1,0,0,0,0,0,0,0,0,AI / Machine Learning Engineer
S0021,1,0,0,0,0,0,0,1,1,0,1,1,1,0,1,0,0,0,1,0,AI / Machine Learning Engineer
S0022,1,0,0,0,0,0,0,0,1,0,1,1,1,0,0,0,0,0,0,0,AI / Machine Learning Engineer
S0023,1,0,0,0,0,0,0,0,1,0,1,1,1,0,0,0,0,0,0,0,AI / Machine Learning Engineer
S0024,1,1,0,0,0,0,0,0,1,0,1,1,1,0,1,0,0,0,0,0,AI / Machine Learning Engineer
S0025,1,0,0,0,0,0,0,0,1,0,1,1,1,1,0,0,0,0,0,0,AI / Machine Learning Engineer
S0026,1,0,0,1,0,0,0,0,1,0,1,1,1,0,0,0,0,0,0,0,AI / Machine Learning Engineer
S0027,1,0,0,0,0,0,0,0,1,0,1,0,1,0,0,0,0,0,0,0,AI / Machine Learning Engineer
S0028,1,0,0,0,0,0,0,0,1,0,1,1,1,0,0,0,1,0,1,0,AI / Machine Learning Engineer
S0029,1,0,0,0,0,0,0,0,1,0,1,1,1,1,1,0,0,0,0,0,AI / Machine Learning Engineer
S0030,1,0,0,1,0,0,0,0,1,0,1,0,1,1,0,0,0,0,0,0,AI / Machine Learning Engineer
S0031,1,0,0,0,0,0,0,0,1,0,1,1,1,1,0,0,0,0,0,0,AI / Machine Learning Engineer
S0032,1,0,0,0,0,0,0,0,1,0,1,1,1,0,0,0,0,0,1,0,AI / Machine Learning Engineer
S0033,1,0,0,0,0,0,0,0,1,0,1,1,1,0,1,0,0,0,0,0,AI / Machine Learning Engineer
S0034,1,0,0,0,0,0,0,0,1,0,1,1,1,1,0,0,1,0,1,0,AI / Machine Learning Engineer
S0035,1,0,0,0,1,0,0,0,1,0,1,1,1,0,0,0,0,0,0,0,AI / Machine Learning Engineer
S0036,1,0,0,0,0,0,0,0,1,0,1,1,1,0,1,0,0,0,1,0,AI / Machine Learning Engineer
S0037,1,0,0,0,0,0,0,0,1,0,1,1,1,0,0,0,0,0,0,0,AI / Machine Learning Engineer
S0038,1,0,0,0,0,0,0,0,1,0,1,1,1,0,0,0,0,0,1,0,AI / Machine Learning Engineer
S0039,1,0,0,1,0,0,0,0,1,0,1,1,0,0,0,0,0,0,1,0,AI / Machine Learning Engineer
S0040,1,0,0,0,0,0,0,0,1,0,1,1,1,1,1,0,0,0,0,0,AI / Machine Learning Engineer
S0041,1,1,0,0,0,0,0,0,1,0,1,1,1,1,0,0,0,0,1,0,AI / Machine Learning Engineer
S0042,1,0,0,0,0,0,0,0,1,0,1,1,1,0,0,0,0,0,0,0,AI / Machine Learning Engineer
S0043,1,0,0,0,0,0,0,0,1,0,1,1,1,0,1,0,0,0,1,0,AI / Machine Learning Engineer
S0044,1,0,0,0,0,0,0,0,1,0,1,0,1,0,1,0,0,0,0,0,AI / Machine Learning Engineer
S0045,1,0,1,0,0,0,0,0,1,0,1,1,1,0,0,0,0,0,1,0,AI / Machine Learning Engineer
S0046,1,0,0,0,0,0,0,0,1,0,1,1,1,0,0,0,0,0,0,0,AI / Machine Learning Engineer
S0047,1,0,0,0,0,0,0,0,1,0,1,1,1,0,0,0,0,0,1,0,AI / Machine Learning Engineer
S0048,1,0,0,0,0,0,0,0,1,0,1,0,1,0,0,0,0,0,1,0,AI / Machine Learning Engineer
S0049,1,0,0,0,0,0,0,0,1,0,1,1,1,1,0,0,0,0,1,0,AI / Machine Learning Engineer
S0050,1,0,0,0,0,0,0,0,1,0,1,1,1,1,1,0,0,0,0,0,AI / Machine Learning Engineer
S0051,1,0,0,0,1,0,0,0,1,0,1,1,1,0,0,0,0,0,0,0,AI / Machine Learning Engineer
S0052,1,0,0,1,0,0,0,0,1,0,1,1,1,0,0,0,0,0,0,0,AI / Machine Learning Engineer
S0053,1,0,0,0,0,0,0,0,1,0,1,1,1,0,1,0,0,0,0,0,AI / Machine Learning Engineer
S0054,1,0,0,0,0,0,0,0,1,0,1,1,1,0,0,0,0,0,0,0,AI / Machine Learning Engineer
S0055,1,0,0,0,0,0,0,0,1,0,1,1,1,0,0,0,0,0,0,0,AI / Machine Learning Engineer
S0056,1,0,0,0,0,1,0,0,1,0,1,1,1,0,1,0,0,0,0,0,AI / Machine Learning Engineer
S0057,1,0,0,0,0,0,0,0,0,0,1,1,1,0,0,0,0,0,1,0,AI / Machine Learning Engineer
S0058,1,0,0,0,0,0,0,0,1,0,1,1,1,0,1,0,0,0,0,0,AI / Machine Learning Engineer
S0059,1,0,0,0,0,0,0,0,1,0,1,1,1,0,0,0,0,0,0,0,AI / Machine Learning Engineer
S0060,1,0,0,0,0,0,0,0,1,0,1,1,1,1,0,0,0,0,1,0,AI / Machine Learning Engineer
S0061,1,0,0,0,0,0,0,0,1,0,1,1,1,0,0,0,0,1,0,0,AI / Machine Learning Engineer
S0062,1,0,0,0,0,0,0,0,1,0,1,0,1,0,1,0,0,0,0,0,AI / Machine Learning Engineer
S0063,1,0,0,0,0,0,0,0,1,0,1,1,1,1,0,0,0,0,0,0,AI / Machine Learning Engineer
S0064,1,0,0,0,0,0,0,0,1,0,1,1,1,0,0,0,0,0,0,0,AI / Machine Learning Engineer
S0065,1,0,0,0,0,0,0,0,1,0,1,1,1,0,0,0,0,0,0,0,AI / Machine Learning Engineer
S0066,1,0,0,0,0,0,0,0,1,0,1,1,1,1,1,0,0,0,0,0,AI / Machine Learning Engineer
S0067,1,1,0,0,0,0,0,0,1,0,1,1,1,1,0,0,0,1,0,0,Data Scientist
S0068,1,0,0,0,0,0,0,0,1,0,1,0,1,1,1,0,0,0,0,0,Data Scientist
S0069,1,0,0,1,0,0,0,0,1,0,1,0,1,1,0,0,0,1,0,0,Data Scientist
S0070,1,0,0,0,0,0,1,0,1,1,1,0,1,1,0,0,0,0,0,0,Data Scientist
S0071,0,0,0,0,0,0,0,0,1,1,1,0,1,1,0,0,0,0,0,0,Data Scientist
S0072,1,0,0,0,0,0,1,0,1,0,1,0,1,1,1,0,0,0,0,0,Data Scientist
S0073,1,0,0,0,0,0,0,0,1,0,1,0,1,1,0,0,0,0,0,0,Data Scientist
S0074,1,0,0,1,0,0,0,0,1,0,1,0,1,1,0,0,0,0,1,0,Data Scientist
S0075,1,0,0,0,0,0,0,0,1,0,0,0,1,1,0,0,0,0,0,0,Data Scientist
S0076,1,0,0,0,0,0,0,0,1,0,1,0,1,1,0,0,0,0,0,0,Data Scientist
S0077,1,0,0,0,0,0,0,0,1,1,1,0,1,1,1,0,0,0,1,0,Data Scientist
S0078,1,0,0,0,0,0,0,0,0,0,1,0,1,1,0,0,0,0,1,0,Data Scientist
S0079,1,0,0,0,0,0,0,0,1,0,1,0,1,1,0,0,0,0,0,0,Data Scientist
S0080,0,0,0,0,0,0,0,0,1,0,1,0,1,1,0,0,0,0,0,0,Data Scientist
S0081,1,0,0,0,0,0,0,0,1,0,1,0,1,1,1,0,0,0,0,0,Data Scientist
S0082,1,0,0,0,1,0,0,0,1,0,1,1,1,1,0,0,0,0,0,0,Data Scientist
S0083,1,0,0,0,0,0,0,0,1,0,1,0,1,1,0,0,0,0,0,0,Data Scientist
S0084,1,0,0,0,0,0,0,0,0,0,1,0,1,1,0,0,1,0,1,0,Data Scientist
S0085,1,0,0,0,0,0,0,0,1,0,1,0,1,1,0,0,0,0,0,0,Data Scientist
S0086,1,0,0,0,0,0,0,0,1,0,1,1,1,1,0,0,0,0,0,1,Data Scientist
S0087,1,0,0,0,0,0,0,0,1,0,1,0,1,1,1,0,0,0,0,0,Data Scientist
S0088,1,0,0,0,0,0,0,0,1,0,1,0,1,1,0,0,0,0,0,0,Data Scientist
S0089,1,0,0,0,0,0,0,0,1,0,1,0,1,1,0,0,0,0,1,0,Data Scientist
S0090,1,0,0,0,0,1,0,0,1,0,1,0,1,1,0,0,0,0,0,0,Data Scientist
S0091,1,0,0,0,0,0,0,0,1,0,1,0,1,1,0,1,1,0,0,0,Data Scientist
S0092,1,0,0,0,0,0,0,0,1,1,1,0,1,1,0,0,0,1,0,0,Data Scientist
S0093,0,0,0,0,0,0,0,0,1,0,1,0,1,1,0,0,0,0,0,0,Data Scientist
S0094,1,0,0,0,0,0,0,0,1,0,1,0,1,1,1,0,0,0,0,0,Data Scientist
S0095,1,0,0,0,0,0,0,0,1,0,1,0,1,1,0,0,0,0,0,0,Data Scientist
S0096,1,0,0,0,0,0,0,0,1,0,1,0,1,1,0,1,1,0,1,0,Data Scientist
S0097,1,0,0,0,1,0,0,1,1,0,1,1,1,1,1,0,0,0,1,0,Data Scientist
S0098,1,0,0,0,0,0,0,0,1,0,1,0,1,1,1,0,0,0,0,0,Data Scientist
S0099,1,0,0,0,0,0,0,0,1,0,1,0,1,1,1,0,0,0,0,0,Data Scientist
S0100,1,0,0,0,0,1,0,0,1,0,1,0,1,1,1,0,0,0,0,0,Data Scientist
S0101,1,0,0,0,0,0,0,0,1,0,1,0,1,1,0,0,0,0,0,0,Data Scientist
S0102,1,0,0,0,0,0,0,0,1,0,1,0,1,1,1,0,0,0,0,1,Data Scientist
S0103,1,0,0,0,0,0,0,0,1,0,1,0,1,1,0,0,0,0,0,0,Data Scientist
S0104,1,0,0,0,0,0,0,0,1,0,1,0,0,1,1,0,0,0,0,0,Data Scientist
S0105,1,0,0,0,0,0,0,0,1,0,1,0,1,1,1,0,0,0,0,0,Data Scientist
S0106,1,0,0,0,0,0,0,0,1,0,1,0,1,1,1,0,0,0,0,0,Data Scientist
S0107,1,0,0,0,0,0,0,0,1,1,1,0,1,1,0,0,0,0,1,0,Data Scientist
S0108,1,0,0,0,0,0,0,0,1,0,1,0,1,1,1,1,0,0,0,0,Data Scientist
S0109,1,0,0,0,0,0,1,0,1,0,1,0,1,1,1,0,0,0,0,0,Data Scientist
S0110,1,0,0,0,0,0,0,0,1,0,1,0,1,1,1,0,0,0,0,0,Data Scientist
S0111,1,0,0,0,0,0,0,0,1,0,1,0,1,1,1,0,0,0,1,0,Data Scientist
S0112,1,0,0,0,0,0,0,0,1,0,1,1,1,1,0,0,0,0,1,1,Data Scientist
S0113,1,0,0,0,0,0,0,0,1,0,1,0,1,1,0,0,0,0,0,0,Data Scientist
S0114,1,0,0,0,0,0,0,0,1,0,1,0,1,1,1,0,0,0,1,0,Data Scientist
S0115,1,0,0,0,0,0,0,0,1,0,1,0,1,1,0,0,0,0,0,0,Data Scientist
S0116,1,0,0,0,0,1,0,0,1,0,1,0,1,1,1,0,0,0,0,1,Data Scientist
S0117,1,0,0,0,0,0,0,0,1,0,1,0,1,1,0,0,0,0,0,0,Data Scientist
S0118,1,0,0,0,0,0,0,0,0,0,1,0,1,1,1,0,0,0,0,0,Data Scientist
S0119,1,0,0,0,1,0,0,0,1,0,1,0,1,1,1,0,0,0,1,0,Data Scientist
S0120,1,0,1,0,0,0,0,0,1,0,1,0,1,1,0,0,0,0,0,0,Data Scientist
S0121,1,0,0,0,0,0,0,0,1,0,1,0,1,1,1,0,0,0,0,0,Data Scientist
S0122,1,0,0,0,0,0,0,0,1,1,1,0,1,1,0,0,1,1,1,0,Data Scientist
S0123,1,0,0,0,0,0,0,0,1,0,1,0,1,1,0,0,0,0,0,0,Data Scientist
S0124,1,0,0,1,0,0,0,0,1,0,1,0,1,1,1,0,0,0,1,0,Data Scientist
S0125,1,0,0,0,0,0,0,0,1,0,1,0,1,1,0,0,0,0,1,0,Data Scientist
S0126,1,0,0,0,0,0,0,0,1,0,1,0,1,1,0,1,0,0,0,0,Data Scientist
S0127,1,0,0,0,0,0,0,0,1,0,1,0,1,1,0,0,0,0,1,0,Data Scientist
S0128,1,0,0,0,0,0,0,0,1,0,1,0,1,1,0,0,0,0,0,0,Data Scientist
S0129,1,0,0,0,1,0,1,0,1,0,1,1,1,1,0,0,0,0,0,0,Data Scientist
S0130,1,0,0,0,0,0,0,0,0,0,1,0,1,1,0,0,0,0,0,0,Data Scientist
S0131,1,0,0,0,0,0,0,0,1,0,1,0,1,1,0,0,0,1,0,0,Data Scientist
S0132,1,0,0,0,0,0,0,0,0,0,1,0,1,1,1,0,0,0,0,0,Data Scientist
S0133,1,0,0,0,0,0,0,1,1,1,0,0,1,1,0,0,0,0,0,0,Data Analyst
S0134,1,0,0,0,0,0,0,0,1,0,0,0,1,1,0,0,0,0,1,0,Data Analyst
S0135,1,0,0,1,0,0,0,0,1,0,0,0,1,1,0,0,0,0,0,0,Data Analyst
S0136,1,0,0,0,0,1,0,0,1,0,0,0,1,1,0,0,0,0,1,0,Data Analyst
S0137,1,0,0,0,0,0,0,0,1,0,0,0,1,1,0,1,0,0,0,0,Data Analyst
S0138,1,0,0,0,0,1,0,0,1,0,0,0,1,1,0,0,0,0,0,0,Data Analyst
S0139,1,0,0,0,0,0,0,0,1,0,0,0,1,0,0,0,0,0,0,0,Data Analyst
S0140,1,0,0,0,0,0,0,0,1,0,0,1,1,1,0,0,0,0,0,0,Data Analyst
S0141,1,0,0,0,1,0,0,0,1,0,0,0,1,1,0,0,0,0,1,0,Data Analyst
S0142,1,0,0,0,0,0,0,1,1,0,0,0,1,1,1,0,0,0,1,1,Data Analyst
S0143,1,0,0,0,0,1,0,0,1,0,0,0,1,1,0,0,0,0,0,0,Data Analyst
S0144,1,0,0,0,0,0,0,0,1,0,0,0,1,1,0,0,0,0,1,0,Data Analyst
S0145,1,0,0,0,0,0,0,0,1,1,0,0,1,1,0,0,0,0,0,0,Data Analyst
S0146,1,0,0,1,0,0,1,0,1,0,1,0,1,1,0,0,0,0,0,0,Data Analyst
S0147,1,0,0,0,0,0,1,0,1,0,0,0,1,1,1,0,0,0,0,1,Data Analyst
S0148,1,0,0,0,0,0,1,0,1,0,1,0,1,1,0,1,0,0,1,0,Data Analyst
S0149,1,0,0,0,0,0,0,0,1,0,0,0,1,1,1,0,0,0,1,0,Data Analyst
S0150,1,0,0,0,0,0,0,0,1,0,0,0,1,0,0,0,0,0,1,0,Data Analyst
S0151,1,0,0,0,0,0,0,0,1,0,0,0,1,1,0,0,0,0,1,0,Data Analyst
S0152,1,0,0,1,0,0,0,0,0,0,0,0,1,1,0,0,0,0,0,0,Data Analyst
S0153,1,0,0,0,0,1,0,0,1,0,0,0,1,1,0,0,0,0,0,0,Data Analyst
S0154,1,0,0,0,0,0,0,0,1,0,0,1,1,1,0,1,0,0,0,0,Data Analyst
S0155,1,0,0,0,0,0,0,0,1,0,0,0,1,1,1,0,0,0,0,0,Data Analyst
S0156,0,0,0,0,0,1,0,0,1,0,0,0,1,1,0,0,0,0,0,0,Data Analyst
S0157,1,0,0,0,0,0,1,0,1,0,0,0,1,1,0,0,0,0,0,0,Data Analyst
S0158,1,0,0,0,0,0,0,0,1,0,0,0,1,1,0,0,0,0,1,0,Data Analyst
S0159,1,0,0,0,0,0,0,0,1,0,0,1,1,1,0,0,0,0,1,0,Data Analyst
S0160,1,0,0,0,0,0,0,0,1,0,0,0,1,1,1,0,0,0,1,0,Data Analyst
S0161,1,0,0,0,0,0,0,0,1,0,0,1,1,1,0,0,0,0,1,0,Data Analyst
S0162,1,0,0,0,0,0,0,0,1,0,0,0,1,1,0,0,0,0,1,0,Data Analyst
S0163,1,0,0,0,0,0,0,0,1,1,0,0,1,1,0,0,0,0,0,0,Data Analyst
S0164,1,0,1,0,1,0,0,0,1,0,0,0,1,1,0,0,0,0,0,0,Data Analyst
S0165,1,0,0,0,0,1,0,0,1,0,0,0,1,1,0,1,0,0,0,0,Data Analyst
S0166,1,0,0,0,0,0,0,0,1,0,0,0,1,1,0,0,0,0,1,0,Data Analyst
S0167,1,0,0,1,0,0,0,0,1,0,0,0,1,1,0,1,0,0,1,0,Data Analyst
S0168,1,0,0,0,0,1,0,0,1,0,1,0,1,0,0,0,0,0,0,0,Data Analyst
S0169,1,0,0,0,0,0,0,1,1,0,0,0,1,1,0,0,0,0,1,0,Data Analyst
S0170,1,0,0,0,0,0,0,0,1,0,1,0,1,1,0,0,1,0,0,0,Data Analyst
S0171,1,1,0,0,0,0,0,0,1,0,1,0,1,1,0,0,0,0,1,0,Data Analyst
S0172,1,0,0,0,0,0,1,0,1,0,0,0,1,1,0,0,0,0,0,0,Data Analyst
S0173,1,0,0,0,0,0,0,0,1,0,0,0,1,1,0,1,0,0,1,0,Data Analyst
S0174,1,0,0,0,0,0,0,0,1,0,0,0,1,1,0,0,0,0,1,0,Data Analyst
S0175,1,0,0,0,0,0,0,0,1,0,0,0,1,1,0,0,0,0,1,0,Data Analyst
S0176,1,1,0,0,0,0,0,0,1,0,0,0,1,1,0,0,1,0,0,0,Data Analyst
S0177,1,0,0,1,0,0,0,1,1,0,0,0,1,1,0,1,0,0,0,0,Data Analyst
S0178,1,0,0,0,0,0,0,0,1,0,1,0,0,1,0,0,0,0,0,0,Data Analyst
S0179,1,0,0,0,0,1,0,0,1,0,1,0,1,1,1,0,1,0,0,0,Data Analyst
S0180,1,1,0,0,0,0,0,0,1,0,0,0,1,1,0,0,1,0,0,0,Data Analyst
S0181,1,0,0,0,1,0,0,0,1,0,0,0,1,1,0,0,0,0,1,0,Data Analyst
S0182,1,0,0,0,0,0,0,0,1,0,0,0,0,1,0,0,0,0,0,0,Data Analyst
S0183,1,0,0,0,0,0,0,0,1,0,0,0,1,1,0,0,0,1,0,0,Data Analyst
S0184,1,0,0,0,0,0,0,0,1,0,0,0,1,1,0,0,0,0,1,0,Data Analyst
S0185,1,0,0,1,0,0,0,0,1,0,0,0,1,1,0,0,0,0,0,0,Data Analyst
S0186,1,0,0,0,1,0,0,0,1,0,1,0,1,1,0,0,0,0,0,0,Data Analyst
S0187,1,0,0,0,0,0,0,0,1,0,0,1,1,1,0,0,0,0,1,0,Data Analyst
S0188,1,0,0,0,0,0,1,0,1,0,1,1,1,1,0,0,0,0,1,0,Data Analyst
S0189,1,0,1,0,0,0,0,0,1,0,1,0,1,0,0,0,0,0,0,0,Data Analyst
S0190,1,0,0,0,0,0,0,0,1,0,0,0,1,1,0,0,0,0,1,0,Data Analyst
S0191,1,0,0,0,0,0,0,0,1,0,0,0,1,1,0,0,0,0,1,0,Data Analyst
S0192,1,1,0,0,0,0,0,0,1,0,0,1,1,1,0,0,0,0,0,0,Data Analyst
S0193,1,0,0,0,0,0,0,0,1,0,0,0,1,1,0,1,0,0,0,0,Data Analyst
S0194,1,0,0,0,0,0,1,0,0,0,1,0,1,1,0,0,0,0,0,0,Data Analyst
S0195,1,0,1,1,0,0,0,0,1,0,0,0,1,1,0,0,0,1,0,0,Data Analyst
S0196,0,0,0,0,0,0,0,0,1,0,0,0,1,1,0,0,0,1,1,0,Data Analyst
S0197,1,1,0,0,0,0,0,0,1,0,1,0,1,1,0,0,0,0,1,0,Data Analyst
S0198,1,1,0,0,0,0,1,0,1,0,0,0,1,1,0,0,0,0,0,1,Data Analyst
S0199,0,0,0,1,0,1,1,1,1,0,0,0,0,0,0,0,0,0,0,0,Full Stack Developer
S0200,0,0,0,1,1,1,1,1,1,1,0,0,0,0,0,0,0,0,0,0,Full Stack Developer
S0201,0,0,0,1,1,1,1,1,1,0,0,0,0,0,0,0,0,0,0,0,Full Stack Developer
S0202,0,0,0,1,1,1,1,1,1,0,0,0,0,0,0,0,0,0,1,0,Full Stack Developer
S0203,0,0,1,1,1,1,1,1,1,0,0,0,0,0,0,0,0,0,0,0,Full Stack Developer
S0204,0,0,0,1,1,1,1,1,1,0,1,0,0,0,0,0,0,0,0,0,Full Stack Developer
S0205,0,0,0,1,1,1,1,1,1,0,0,0,0,0,0,0,0,0,0,0,Full Stack Developer
S0206,0,0,1,1,1,1,1,1,1,0,0,0,0,0,0,0,0,0,0,0,Full Stack Developer
S0207,0,0,0,1,1,1,1,1,1,1,0,0,0,0,0,0,0,0,0,0,Full Stack Developer
S0208,0,0,0,1,1,1,1,1,1,0,0,0,0,0,0,0,0,0,0,0,Full Stack Developer
S0209,0,0,0,1,1,1,1,1,1,1,0,0,0,0,0,0,0,0,0,0,Full Stack Developer
S0210,0,0,0,1,1,1,1,1,1,0,0,0,0,0,0,0,0,0,0,0,Full Stack Developer
S0211,0,1,0,1,1,1,1,1,1,1,0,0,0,0,0,0,0,0,0,0,Full Stack Developer
S0212,0,0,0,1,1,1,1,1,1,1,0,0,0,0,0,0,0,0,0,0,Full Stack Developer
S0213,0,0,0,1,1,1,1,1,1,1,0,0,0,0,0,0,1,0,0,0,Full Stack Developer
S0214,0,0,0,1,1,1,1,1,1,0,0,0,0,0,0,0,0,0,0,0,Full Stack Developer
S0215,0,0,0,1,1,1,1,1,1,0,0,0,0,1,0,0,0,0,0,0,Full Stack Developer
S0216,0,0,0,1,1,1,1,1,1,1,0,0,0,0,0,0,0,0,1,0,Full Stack Developer
S0217,0,0,0,1,0,1,1,1,1,0,0,0,0,0,0,0,0,0,0,0,Full Stack Developer
S0218,0,0,0,1,1,1,1,1,1,1,0,0,0,0,0,0,0,0,1,0,Full Stack Developer
S0219,0,0,0,1,1,1,1,1,1,1,0,0,0,0,0,0,0,0,1,0,Full Stack Developer
S0220,0,1,0,1,1,1,1,1,1,0,0,0,0,0,0,0,0,0,0,0,Full Stack Developer
S0221,0,0,0,1,0,1,1,1,1,1,0,0,0,0,0,0,0,0,1,0,Full Stack Developer
S0222,0,0,0,1,1,1,1,1,1,1,0,0,0,0,0,0,1,0,0,0,Full Stack Developer
S0223,0,0,0,1,1,1,1,1,1,1,0,0,0,0,0,0,1,0,0,0,Full Stack Developer
S0224,0,0,0,1,1,1,1,1,1,1,0,0,0,0,0,0,0,0,1,0,Full Stack Developer
S0225,0,0,0,1,1,1,1,1,1,0,0,0,0,1,0,0,0,0,1,0,Full Stack Developer
S0226,0,0,0,1,1,1,1,1,1,1,0,0,0,0,1,0,0,0,0,0,Full Stack Developer
S0227,0,0,0,1,1,1,1,1,1,0,0,0,0,0,0,0,0,0,0,0,Full Stack Developer
S0228,0,0,0,1,1,1,1,1,1,1,0,0,0,0,0,0,0,0,0,0,Full Stack Developer
S0229,0,0,0,1,1,1,1,1,1,1,0,0,0,0,0,0,0,0,0,1,Full Stack Developer
S0230,0,0,0,1,1,1,1,1,1,1,0,0,0,0,0,0,0,0,0,0,Full Stack Developer
S0231,0,0,0,1,1,1,1,1,1,0,0,0,0,0,0,1,0,0,0,0,Full Stack Developer
S0232,0,0,0,1,1,1,1,1,1,0,0,0,0,0,0,0,0,0,0,0,Full Stack Developer
S0233,0,0,0,1,1,1,1,1,1,1,0,0,0,0,0,0,1,0,0,0,Full Stack Developer
S0234,0,0,0,1,1,1,1,0,1,1,0,0,0,0,0,0,0,0,1,0,Full Stack Developer
S0235,0,0,0,1,1,1,1,1,1,1,0,0,0,0,0,0,0,0,0,0,Full Stack Developer
S0236,0,0,0,1,1,0,1,1,1,0,0,0,0,0,0,0,0,0,1,0,Full Stack Developer
S0237,0,0,0,1,1,1,1,1,0,1,0,0,0,0,0,0,0,0,0,0,Full Stack Developer
S0238,0,0,0,1,1,1,1,1,1,0,0,0,0,0,0,0,0,0,1,0,Full Stack Developer
S0239,0,0,0,1,1,1,1,1,1,0,0,0,0,0,0,0,1,0,0,0,Full Stack Developer
S0240,0,0,0,1,1,0,1,1,1,0,0,0,0,0,0,0,0,0,0,0,Full Stack Developer
S0241,0,0,0,1,1,1,1,1,1,1,1,0,0,0,0,0,0,0,0,0,Full Stack Developer
S0242,0,0,0,1,1,1,1,1,1,0,0,0,0,0,0,0,1,0,0,0,Full Stack Developer
S0243,0,0,0,1,1,1,1,1,1,1,0,0,0,0,0,0,0,0,1,0,Full Stack Developer
S0244,0,0,0,1,1,1,1,1,1,0,0,0,0,1,0,0,0,0,0,0,Full Stack Developer
S0245,0,0,0,1,1,1,0,1,1,0,0,0,0,0,0,0,0,0,0,0,Full Stack Developer
S0246,0,0,0,1,1,1,1,1,1,1,0,0,0,0,0,0,0,0,0,0,Full Stack Developer
S0247,0,0,0,1,1,1,1,1,1,1,0,0,0,0,0,0,0,1,0,0,Full Stack Developer
S0248,0,0,0,1,1,1,1,1,1,0,0,0,0,0,0,1,0,0,0,0,Full Stack Developer
S0249,0,0,0,1,1,1,1,1,1,0,1,0,0,0,0,0,0,0,0,0,Full Stack Developer
S0250,0,0,0,1,1,1,1,1,1,0,0,0,0,0,0,0,0,0,0,0,Full Stack Developer
S0251,0,0,0,1,1,0,1,1,1,1,0,0,0,0,0,0,0,0,1,0,Full Stack Developer
S0252,0,0,1,1,1,1,1,1,1,0,0,0,0,0,0,0,0,0,1,0,Full Stack Developer
S0253,0,0,0,1,1,1,1,1,1,1,0,0,0,0,0,0,0,0,0,0,Full Stack Developer
S0254,0,0,0,1,1,1,1,1,1,1,0,0,0,0,0,0,0,0,1,0,Full Stack Developer
S0255,0,0,0,1,1,1,1,1,1,0,0,0,0,0,0,0,0,1,0,0,Full Stack Developer
S0256,0,0,0,1,1,1,1,1,1,0,0,0,0,0,0,0,0,0,1,0,Full Stack Developer
S0257,0,0,0,1,1,1,1,1,1,0,0,0,0,0,0,0,0,0,0,0,Full Stack Developer
S0258,0,0,0,1,1,1,1,1,1,0,0,0,0,0,0,0,0,0,1,0,Full Stack Developer
S0259,0,0,0,1,1,1,1,1,1,0,0,0,0,0,0,0,0,0,1,0,Full Stack Developer
S0260,0,0,0,1,1,1,1,0,1,1,0,0,0,1,0,0,0,0,0,0,Full Stack Developer
S0261,0,0,0,1,1,1,1,1,1,0,0,0,0,0,0,0,0,0,0,0,Full Stack Developer
S0262,0,0,0,1,1,1,1,1,1,0,0,0,1,1,0,0,0,1,0,0,Full Stack Developer
S0263,0,0,0,1,1,1,1,1,1,0,0,0,0,0,0,0,1,0,0,0,Full Stack Developer
S0264,0,0,0,1,1,1,1,1,1,0,0,0,0,0,0,0,0,0,0,0,Full Stack Developer
S0265,0,0,0,1,1,1,1,0,0,0,0,0,0,0,0,0,0,0,0,1,Frontend Developer
S0266,0,0,0,1,1,1,1,1,0,0,0,0,0,0,0,0,1,0,1,1,Frontend Developer
S0267,0,0,0,0,1,1,1,1,0,0,0,0,0,0,0,0,0,0,0,1,Frontend Developer
S0268,0,0,0,1,1,1,1,0,0,0,0,0,0,0,0,0,0,0,0,1,Frontend Developer
S0269,0,0,0,1,1,1,1,0,0,0,0,0,0,0,0,0,0,0,0,1,Frontend Developer
S0270,0,0,0,0,1,1,1,1,0,0,0,0,0,0,0,0,0,0,0,1,Frontend Developer
S0271,0,0,0,1,1,1,1,0,0,0,0,0,0,0,0,0,0,0,0,1,Frontend Developer
S0272,0,0,0,1,1,1,1,1,0,0,0,0,0,0,0,0,0,0,0,1,Frontend Developer
S0273,0,0,0,1,1,1,1,0,0,1,0,0,0,0,0,0,0,0,0,1,Frontend Developer
S0274,0,0,0,1,1,1,1,0,0,0,0,0,0,0,0,0,0,0,1,1,Frontend Developer
S0275,0,0,0,1,1,1,1,0,0,0,0,0,0,0,0,0,0,0,1,1,Frontend Developer
S0276,0,0,0,1,1,1,1,0,0,0,0,0,0,0,0,0,0,0,0,1,Frontend Developer
S0277,0,0,0,0,1,1,1,0,0,0,0,0,0,0,0,0,0,0,1,1,Frontend Developer
S0278,0,0,0,1,1,1,0,0,0,0,0,0,0,0,0,0,0,0,1,1,Frontend Developer
S0279,0,0,1,1,1,1,1,0,0,0,0,0,0,1,0,0,0,0,0,1,Frontend Developer
S0280,0,0,0,1,1,1,1,0,0,0,0,0,0,0,0,0,0,0,0,1,Frontend Developer
S0281,0,0,0,1,1,1,1,0,0,0,0,0,0,0,0,0,0,0,0,1,Frontend Developer
S0282,1,0,0,1,1,1,1,0,0,0,0,0,0,0,0,0,0,0,1,0,Frontend Developer
S0283,0,0,0,0,1,1,1,0,0,1,0,0,0,0,0,0,0,0,1,1,Frontend Developer
S0284,0,0,0,1,1,1,1,0,0,0,0,0,0,0,0,0,0,0,0,1,Frontend Developer
S0285,0,0,0,1,1,1,1,0,0,0,0,0,0,0,0,0,0,0,1,1,Frontend Developer
S0286,0,0,0,1,1,1,1,0,0,0,0,0,0,0,0,0,0,0,0,0,Frontend Developer
S0287,0,0,0,1,1,1,1,0,0,0,0,0,0,0,0,0,0,0,0,1,Frontend Developer
S0288,0,0,0,1,1,1,1,1,0,0,0,0,1,0,0,0,0,0,0,1,Frontend Developer
S0289,0,0,0,1,1,1,1,0,0,0,0,0,0,1,0,1,0,0,0,1,Frontend Developer
S0290,0,0,0,1,1,1,0,0,0,0,0,0,0,0,1,0,1,0,0,1,Frontend Developer
S0291,0,0,0,1,1,1,1,0,0,0,0,0,0,1,0,0,0,0,0,1,Frontend Developer
S0292,0,0,0,1,1,1,1,0,0,1,0,0,0,0,0,0,0,0,0,1,Frontend Developer
S0293,0,0,0,1,1,1,1,0,0,0,0,0,0,0,0,0,0,0,0,1,Frontend Developer
S0294,0,1,0,1,1,1,1,0,0,0,0,0,0,0,0,0,0,0,0,1,Frontend Developer
S0295,0,0,0,1,1,1,1,0,0,0,0,0,0,0,0,0,0,0,0,1,Frontend Developer
S0296,0,0,1,1,1,1,1,1,0,0,0,0,0,1,0,0,0,0,0,1,Frontend Developer
S0297,0,0,1,1,1,1,1,0,0,0,0,0,0,0,0,0,0,0,1,1,Frontend Developer
S0298,0,0,0,0,1,1,1,0,0,0,0,0,0,0,0,0,0,0,1,1,Frontend Developer
S0299,0,0,1,1,1,1,1,0,0,0,0,0,0,0,0,0,0,0,0,1,Frontend Developer
S0300,0,0,1,1,1,1,1,0,0,0,0,0,0,0,0,0,0,0,0,1,Frontend Developer
S0301,0,0,0,1,1,1,1,0,0,0,0,0,0,0,1,0,0,0,1,1,Frontend Developer
S0302,0,0,0,1,1,1,1,0,0,0,0,0,0,0,0,0,0,0,0,1,Frontend Developer
S0303,0,0,0,1,1,1,1,0,0,0,0,0,0,0,0,0,0,0,0,1,Frontend Developer
S0304,0,0,0,1,1,1,1,0,0,0,0,0,0,0,0,0,0,0,0,0,Frontend Developer
S0305,0,1,0,1,1,1,1,0,0,0,0,0,0,0,0,0,0,0,0,1,Frontend Developer
S0306,0,0,0,1,1,1,1,0,0,0,0,0,1,0,0,1,0,0,0,1,Frontend Developer
S0307,0,0,0,1,1,1,1,0,0,0,0,0,0,0,0,0,0,0,0,1,Frontend Developer
S0308,1,0,0,1,1,1,1,0,0,0,1,0,0,0,0,0,0,0,0,1,Frontend Developer
S0309,0,0,0,1,1,1,1,0,1,0,0,0,0,0,0,0,0,0,0,1,Frontend Developer
S0310,0,0,0,1,1,1,1,0,0,1,0,0,0,0,0,0,0,0,0,1,Frontend Developer
S0311,0,0,0,1,1,1,1,0,0,0,0,0,0,0,0,0,0,0,1,1,Frontend Developer
S0312,0,0,0,1,1,1,1,0,0,0,0,0,0,0,0,0,0,1,0,1,Frontend Developer
S0313,0,0,0,1,1,1,1,0,0,0,0,0,0,0,0,0,0,0,0,1,Frontend Developer
S0314,0,0,0,1,1,1,1,0,0,0,0,0,0,0,0,0,0,0,0,1,Frontend Developer
S0315,0,0,0,1,1,1,1,0,0,0,0,0,1,1,0,0,0,0,1,1,Frontend Developer
S0316,0,0,0,1,1,1,1,0,0,0,0,0,0,0,0,0,0,0,0,1,Frontend Developer
S0317,0,1,0,1,1,1,1,0,0,0,0,0,0,0,0,0,0,1,1,1,Frontend Developer
S0318,0,1,0,1,1,1,1,0,0,0,0,0,0,0,0,0,0,0,0,1,Frontend Developer
S0319,0,0,0,1,1,1,1,0,0,0,1,0,0,0,0,0,1,0,0,1,Frontend Developer
S0320,0,0,0,1,1,1,1,0,0,0,0,0,1,0,1,0,0,0,0,1,Frontend Developer
S0321,0,0,0,1,1,1,1,0,0,0,0,0,0,0,0,1,0,1,0,1,Frontend Developer
S0322,0,0,0,1,1,1,1,0,0,0,0,0,0,0,0,0,0,0,0,1,Frontend Developer
S0323,0,0,0,1,1,1,1,0,0,0,0,0,0,0,0,0,0,0,0,1,Frontend Developer
S0324,0,0,0,1,1,1,1,0,0,0,0,0,0,0,1,0,0,0,0,1,Frontend Developer
S0325,0,0,0,1,1,1,1,0,0,0,0,0,0,0,1,0,0,0,1,1,Frontend Developer
S0326,0,0,0,1,1,1,1,0,0,0,0,0,0,0,0,0,0,0,0,1,Frontend Developer
S0327,0,0,0,1,1,1,1,0,0,0,0,0,0,0,0,0,0,0,1,1,Frontend Developer
S0328,0,0,0,1,1,1,1,0,0,0,0,0,0,0,0,0,0,1,0,1,Frontend Developer
S0329,0,0,0,1,1,1,1,0,0,0,0,0,0,0,0,0,0,0,1,1,Frontend Developer
S0330,0,0,0,1,1,1,1,0,0,0,0,0,0,0,0,0,0,0,1,1,Frontend Developer
S0331,1,0,0,0,0,0,0,1,1,1,0,0,0,1,0,1,0,0,0,0,Backend Developer
S0332,1,0,0,0,0,0,0,1,1,1,0,0,0,0,0,0,0,0,0,0,Backend Developer
S0333,1,1,0,0,0,0,0,1,1,1,0,0,0,0,0,0,0,0,1,1,Backend Developer
S0334,1,1,0,0,0,0,0,1,1,1,0,0,0,0,0,0,0,0,0,0,Backend Developer
S0335,1,1,0,0,0,0,0,1,1,1,0,0,0,0,0,1,0,1,0,0,Backend Developer
S0336,1,0,0,0,0,0,0,1,1,1,0,0,0,0,0,0,0,0,0,0,Backend Developer
S0337,1,0,0,0,0,0,0,1,1,1,1,0,0,0,0,1,0,0,0,0,Backend Developer
S0338,1,1,0,0,0,0,0,1,1,1,0,0,0,0,0,1,0,0,0,0,Backend Developer
S0339,1,1,0,0,0,0,0,1,1,1,0,0,0,0,0,0,0,0,0,0,Backend Developer
S0340,1,1,0,0,0,0,0,1,1,1,0,0,0,0,0,1,0,0,0,0,Backend Developer
S0341,1,1,1,0,0,0,0,1,1,1,0,0,1,0,0,0,0,0,0,0,Backend Developer
S0342,1,0,0,0,0,0,0,1,1,1,0,0,0,0,1,0,0,0,0,0,Backend Developer
S0343,1,1,0,0,0,0,0,1,1,1,0,0,1,0,0,0,0,0,0,0,Backend Developer
S0344,1,0,0,0,0,0,0,1,1,1,1,0,0,0,0,1,0,0,1,0,Backend Developer
S0345,1,1,1,0,0,0,0,1,1,1,0,1,0,0,0,1,0,0,0,0,Backend Developer
S0346,1,1,0,0,0,0,0,1,1,1,0,0,0,0,0,0,0,1,0,0,Backend Developer
S0347,1,0,1,0,0,0,0,1,1,1,0,0,0,0,0,0,0,0,0,0,Backend Developer
S0348,1,1,0,1,0,0,0,1,1,1,0,0,0,0,0,0,0,0,0,0,Backend Developer
S0349,1,0,0,0,0,0,0,1,1,1,0,0,0,0,0,1,0,0,0,0,Backend Developer
S0350,1,0,0,0,0,0,0,1,1,1,0,0,0,0,0,1,0,0,0,0,Backend Developer
S0351,1,0,0,0,0,0,0,1,1,1,0,0,0,0,0,0,0,0,1,0,Backend Developer
S0352,1,0,0,0,0,0,0,1,1,1,0,0,0,0,0,0,0,0,0,0,Backend Developer
S0353,1,0,0,0,0,0,0,1,1,1,0,0,0,0,1,0,0,0,0,0,Backend Developer
S0354,1,0,0,0,0,0,0,1,1,1,0,0,0,0,0,1,0,0,0,0,Backend Developer
S0355,1,0,0,0,0,0,0,1,1,1,0,0,0,0,1,0,0,0,0,0,Backend Developer
S0356,1,0,0,0,0,0,0,1,1,1,0,0,0,0,0,0,0,0,0,0,Backend Developer
S0357,1,1,0,0,1,0,0,1,1,1,0,1,0,0,0,1,0,1,0,0,Backend Developer
S0358,1,1,0,0,0,0,0,1,1,1,0,0,0,0,0,0,0,0,0,0,Backend Developer
S0359,1,0,0,0,0,0,0,1,1,1,0,0,0,0,0,0,1,0,1,0,Backend Developer
S0360,1,0,0,0,0,0,0,0,1,1,0,0,0,0,0,1,0,0,1,0,Backend Developer
S0361,1,0,0,0,0,0,0,1,1,1,0,0,0,0,0,0,0,0,1,0,Backend Developer
S0362,1,0,0,0,0,0,0,1,1,1,0,0,0,0,0,0,0,0,1,0,Backend Developer
S0363,1,0,0,0,0,0,0,1,1,1,0,0,0,0,0,0,0,0,0,0,Backend Developer
S0364,1,1,0,0,0,0,0,1,1,1,0,0,0,0,0,0,0,0,1,0,Backend Developer
S0365,1,0,0,0,0,0,0,1,1,1,0,0,0,0,0,0,0,0,1,0,Backend Developer
S0366,1,0,0,0,0,0,0,1,1,0,0,0,0,0,0,1,1,0,1,0,Backend Developer
S0367,1,0,0,0,0,0,0,1,1,1,0,0,0,0,0,0,0,0,0,0,Backend Developer
S0368,1,1,0,0,0,0,0,1,1,1,0,0,0,0,0,1,0,0,0,0,Backend Developer
S0369,1,1,0,0,0,0,0,1,1,1,0,0,0,0,0,0,0,0,1,0,Backend Developer
S0370,1,1,0,0,0,0,0,1,1,1,0,0,0,0,0,0,0,0,0,0,Backend Developer
S0371,1,1,1,0,0,0,0,1,0,1,0,0,0,0,0,0,0,0,1,0,Backend Developer
S0372,1,0,0,0,0,0,0,1,1,1,1,0,0,0,0,1,0,0,1,1,Backend Developer
S0373,1,0,0,0,0,0,0,0,1,1,0,0,0,1,1,0,0,0,1,0,Backend Developer
S0374,1,0,0,0,0,0,0,1,0,1,0,0,0,0,0,0,0,0,0,0,Backend Developer
S0375,1,0,0,0,0,1,0,1,1,1,0,0,0,0,0,0,0,0,1,0,Backend Developer
S0376,1,1,0,0,0,0,0,1,1,1,0,0,0,0,0,0,0,0,1,0,Backend Developer
S0377,1,1,0,0,0,0,0,1,1,1,0,1,0,0,0,0,0,0,0,0,Backend Developer
S0378,1,1,0,0,0,0,0,0,1,1,0,0,0,0,0,0,0,0,0,0,Backend Developer
S0379,1,1,0,0,0,0,0,1,1,1,0,0,0,0,0,0,0,0,1,0,Backend Developer
S0380,1,0,0,0,0,0,0,1,1,1,0,0,0,0,0,0,0,0,0,0,Backend Developer
S0381,1,0,0,0,0,0,0,1,1,1,0,0,0,0,0,0,0,0,1,0,Backend Developer
S0382,1,1,0,0,0,0,0,1,1,1,0,1,0,0,0,0,0,0,1,0,Backend Developer
S0383,1,1,0,0,0,0,0,1,1,1,0,0,0,0,0,1,0,0,0,0,Backend Developer
S0384,1,0,0,0,0,0,0,1,1,1,0,0,0,0,0,1,0,0,0,0,Backend Developer
S0385,1,1,1,0,0,0,0,1,1,1,0,0,0,0,0,0,0,0,0,0,Backend Developer
S0386,1,0,0,0,0,0,0,1,1,1,0,0,0,0,0,0,0,0,0,0,Backend Developer
S0387,1,1,0,0,0,0,0,1,0,1,0,0,0,0,0,1,0,0,0,0,Backend Developer
S0388,1,1,0,0,0,0,0,1,1,1,0,0,0,0,0,0,0,0,0,0,Backend Developer
S0389,1,0,0,0,0,0,0,1,1,1,0,1,0,0,0,0,0,0,1,0,Backend Developer
S0390,1,1,0,0,0,0,0,0,1,1,0,0,0,0,0,0,0,0,0,0,Backend Developer
S0391,0,0,0,0,0,0,0,1,1,1,0,0,0,0,0,0,0,0,1,0,Backend Developer
S0392,0,0,0,0,0,0,0,1,1,1,0,0,1,0,1,0,0,0,1,0,Backend Developer
S0393,1,0,1,0,0,0,0,1,1,1,0,0,0,0,0,0,0,0,1,0,Backend Developer
S0394,1,0,0,0,0,0,0,1,1,1,0,0,0,0,0,0,0,0,0,0,Backend Developer
S0395,1,1,0,0,0,0,0,1,1,1,0,0,0,0,0,0,1,0,0,0,Backend Developer
S0396,1,1,0,0,0,0,0,1,1,1,0,0,1,0,0,1,0,1,0,0,Backend Developer
S0397,1,0,0,0,0,0,0,0,0,0,0,0,0,0,1,1,1,1,0,0,Cyber Security Analyst
S0398,1,0,0,0,0,0,0,0,1,0,0,0,0,0,0,1,1,0,0,0,Cyber Security Analyst
S0399,1,0,0,0,0,0,0,0,1,0,0,0,0,0,0,1,1,1,0,0,Cyber Security Analyst
S0400,1,0,0,0,0,0,0,0,0,0,0,0,0,0,1,1,1,1,1,0,Cyber Security Analyst
S0401,1,0,0,0,0,0,0,0,1,0,0,0,0,1,1,1,1,1,1,0,Cyber Security Analyst
S0402,1,0,0,0,0,1,0,0,0,0,0,0,0,0,0,1,1,1,0,0,Cyber Security Analyst
S0403,0,0,0,0,0,0,0,0,0,0,0,0,0,0,0,1,1,1,0,0,Cyber Security Analyst
S0404,1,0,0,0,0,0,0,1,1,0,0,0,0,0,0,1,1,1,0,0,Cyber Security Analyst
S0405,1,0,0,1,0,0,1,0,0,0,0,0,0,0,0,1,1,1,1,0,Cyber Security Analyst
S0406,1,0,0,0,0,0,0,0,1,0,0,0,0,0,0,1,1,1,0,0,Cyber Security Analyst
S0407,1,0,0,0,0,0,0,0,0,0,0,0,0,0,0,1,1,1,1,0,Cyber Security Analyst
S0408,1,0,0,0,0,0,0,0,0,0,0,0,0,0,1,1,1,1,0,0,Cyber Security Analyst
S0409,1,0,0,0,1,0,0,0,0,0,0,0,0,0,0,1,1,1,0,0,Cyber Security Analyst
S0410,1,0,0,0,0,1,0,0,0,0,0,0,0,0,0,1,1,1,1,0,Cyber Security Analyst
S0411,1,0,0,0,0,0,0,0,1,0,0,0,0,1,0,1,1,1,0,0,Cyber Security Analyst
S0412,1,0,0,0,0,0,0,0,0,0,0,0,0,0,0,1,1,1,0,0,Cyber Security Analyst
S0413,1,0,0,0,0,0,0,0,0,0,0,0,0,0,1,1,1,1,0,0,Cyber Security Analyst
S0414,1,0,0,0,0,0,0,0,0,0,0,0,0,0,0,1,1,1,1,0,Cyber Security Analyst
S0415,1,0,0,0,0,0,0,0,0,0,0,0,0,0,0,1,1,1,0,0,Cyber Security Analyst
S0416,1,0,0,0,0,0,0,0,0,0,0,0,0,0,0,1,1,1,0,0,Cyber Security Analyst
S0417,1,0,0,0,0,0,0,0,0,0,0,0,0,0,0,1,1,1,0,0,Cyber Security Analyst
S0418,1,0,0,0,0,0,0,0,0,0,0,0,0,0,1,1,1,1,0,1,Cyber Security Analyst
S0419,1,0,0,0,0,0,1,0,1,0,0,0,0,0,0,1,1,1,1,0,Cyber Security Analyst
S0420,0,0,0,0,0,0,0,0,0,0,0,0,0,0,1,1,1,1,1,0,Cyber Security Analyst
S0421,1,0,0,0,0,1,0,0,0,0,0,0,0,0,0,1,1,1,1,0,Cyber Security Analyst
S0422,1,0,0,0,0,0,0,0,0,0,0,0,0,0,0,1,1,1,0,0,Cyber Security Analyst
S0423,1,0,0,1,0,0,0,0,1,0,0,0,0,0,1,1,1,1,1,1,Cyber Security Analyst
S0424,1,0,0,0,0,0,0,0,1,0,0,0,0,0,0,1,1,0,0,0,Cyber Security Analyst
S0425,1,0,0,0,0,0,0,0,0,0,0,0,0,0,0,1,1,1,0,0,Cyber Security Analyst
S0426,1,0,0,1,0,0,0,0,0,0,0,0,0,0,1,1,1,1,0,0,Cyber Security Analyst
S0427,1,0,0,0,0,0,0,0,0,0,0,0,0,0,1,1,1,1,0,0,Cyber Security Analyst
S0428,1,0,0,0,0,0,0,0,0,0,0,0,0,0,0,1,1,1,0,0,Cyber Security Analyst
S0429,1,0,0,0,0,0,0,0,1,0,0,0,0,0,0,1,1,1,1,0,Cyber Security Analyst
S0430,1,0,0,0,0,0,0,0,1,0,0,0,0,0,1,1,1,1,0,0,Cyber Security Analyst
S0431,1,0,0,0,0,0,0,0,0,0,0,0,0,0,1,1,1,0,1,0,Cyber Security Analyst
S0432,1,0,0,0,0,0,0,0,0,0,0,0,0,1,0,1,1,1,0,0,Cyber Security Analyst
S0433,1,0,0,0,0,0,0,0,0,0,0,0,0,0,0,1,1,1,1,0,Cyber Security Analyst
S0434,1,0,0,0,0,0,0,1,0,0,0,0,0,0,1,1,1,1,1,0,Cyber Security Analyst
S0435,1,0,0,0,0,0,0,0,0,0,0,0,0,0,1,1,1,1,0,0,Cyber Security Analyst
S0436,1,0,0,0,0,0,0,0,1,0,0,0,0,0,1,1,1,1,0,0,Cyber Security Analyst
S0437,1,0,0,0,0,0,0,1,1,0,0,0,0,0,1,1,1,1,0,0,Cyber Security Analyst
S0438,1,0,0,0,0,0,0,0,0,0,0,0,0,0,0,1,1,1,0,0,Cyber Security Analyst
S0439,1,0,0,0,0,0,0,0,1,0,0,1,0,0,0,1,1,1,0,0,Cyber Security Analyst
S0440,1,0,0,0,0,0,0,0,1,0,0,0,0,0,0,0,1,1,0,0,Cyber Security Analyst
S0441,1,1,0,0,0,0,0,0,0,1,0,0,0,0,0,1,1,1,0,0,Cyber Security Analyst
S0442,1,0,0,0,0,0,0,0,0,0,0,0,0,0,0,1,1,1,1,0,Cyber Security Analyst
S0443,1,0,0,0,0,0,0,0,0,0,0,0,0,0,0,1,1,1,0,0,Cyber Security Analyst
S0444,1,1,0,0,0,0,0,0,0,0,0,0,0,0,0,1,1,1,0,0,Cyber Security Analyst
S0445,1,0,0,0,0,0,0,0,0,0,0,0,0,0,0,1,1,1,0,0,Cyber Security Analyst
S0446,1,0,0,0,0,0,0,1,0,0,0,0,1,0,0,1,1,1,1,0,Cyber Security Analyst
S0447,1,0,0,0,0,0,0,0,0,0,0,0,0,0,1,1,1,1,0,0,Cyber Security Analyst
S0448,1,0,0,0,0,0,0,0,0,0,0,0,1,0,0,1,1,1,1,0,Cyber Security Analyst
S0449,1,0,0,0,0,0,0,0,0,0,0,0,0,0,1,1,1,1,0,0,Cyber Security Analyst
S0450,1,0,0,0,0,0,0,0,0,0,0,0,0,0,0,1,1,1,0,0,Cyber Security Analyst
S0451,0,0,0,0,0,0,0,0,1,0,0,0,0,0,0,1,1,1,1,0,Cyber Security Analyst
S0452,1,0,0,0,0,0,0,0,0,0,0,0,0,0,0,1,1,1,1,0,Cyber Security Analyst
S0453,0,0,0,0,0,0,0,0,1,0,0,0,0,0,1,1,1,1,0,1,Cyber Security Analyst
S0454,1,0,0,0,0,0,0,0,0,0,0,0,0,0,0,0,1,1,0,1,Cyber Security Analyst
S0455,1,0,0,0,0,0,0,0,1,0,0,0,1,0,0,1,1,1,1,0,Cyber Security Analyst
S0456,1,1,1,0,0,0,0,0,0,0,1,0,0,0,0,1,1,1,1,0,Cyber Security Analyst
S0457,1,0,0,0,0,0,0,0,1,0,0,0,0,0,0,1,1,1,0,0,Cyber Security Analyst
S0458,1,1,0,0,0,0,0,1,0,0,0,0,0,0,1,1,1,1,0,0,Cyber Security Analyst
S0459,1,0,0,0,0,0,0,0,0,0,0,0,0,0,0,1,1,0,0,0,Cyber Security Analyst
S0460,1,0,0,0,0,0,0,1,0,0,0,0,0,1,0,1,1,1,0,0,Cyber Security Analyst
S0461,1,0,1,0,0,0,0,0,1,0,0,1,0,0,1,1,1,1,1,0,Cyber Security Analyst
S0462,1,1,0,0,0,0,0,0,0,0,0,0,0,0,0,1,1,1,0,0,Cyber Security Analyst
S0463,1,0,0,0,0,0,0,0,1,0,0,0,1,0,1,1,1,0,1,0,Cloud Engineer
S0464,1,0,0,0,0,0,1,0,0,0,0,0,0,0,1,1,1,1,1,0,Cloud Engineer
S0465,0,0,0,0,0,0,0,0,0,0,0,0,0,0,0,1,1,0,0,0,Cloud Engineer
S0466,1,0,0,0,0,0,0,0,0,0,0,0,0,0,1,1,1,0,0,0,Cloud Engineer
S0467,0,0,0,0,0,0,0,0,0,0,0,0,0,0,1,1,1,0,0,0,Cloud Engineer
S0468,1,0,0,0,0,0,0,0,0,0,0,0,0,0,1,1,1,0,0,0,Cloud Engineer
S0469,0,0,0,0,0,0,0,0,0,0,0,0,0,1,1,1,1,0,0,0,Cloud Engineer
S0470,0,0,0,0,0,1,0,0,0,0,0,0,0,0,1,1,1,1,1,0,Cloud Engineer
S0471,0,0,0,0,0,0,0,0,0,0,0,0,0,0,1,1,1,0,0,0,Cloud Engineer
S0472,0,1,0,0,0,0,0,0,0,0,0,0,0,0,1,1,1,0,1,0,Cloud Engineer
S0473,0,0,0,0,0,0,0,0,0,0,0,0,0,0,0,1,1,0,1,0,Cloud Engineer
S0474,0,0,0,0,0,1,0,1,0,0,0,0,0,0,1,1,1,0,0,0,Cloud Engineer
S0475,0,0,0,1,0,0,0,0,0,0,0,0,0,0,1,1,1,0,0,0,Cloud Engineer
S0476,0,0,0,0,0,0,0,0,0,0,0,0,0,0,1,1,1,0,1,0,Cloud Engineer
S0477,0,0,0,0,0,1,0,0,0,0,0,0,0,0,0,1,1,0,1,0,Cloud Engineer
S0478,0,0,0,1,0,0,0,0,0,0,0,0,0,0,0,1,1,0,0,0,Cloud Engineer
S0479,0,0,0,0,0,0,0,0,0,1,0,0,0,0,0,1,1,0,1,0,Cloud Engineer
S0480,0,0,0,0,0,0,0,0,0,0,0,0,0,0,1,1,1,0,1,0,Cloud Engineer
S0481,1,0,0,0,0,0,0,0,0,0,0,0,1,0,1,1,1,0,0,0,Cloud Engineer
S0482,0,0,0,0,0,0,0,0,0,0,0,0,0,0,1,1,1,0,0,0,Cloud Engineer
S0483,0,0,0,1,0,0,0,0,0,0,1,0,0,0,1,1,1,0,0,0,Cloud Engineer
S0484,0,0,0,0,0,0,0,0,0,0,0,0,0,0,1,1,1,0,0,0,Cloud Engineer
S0485,0,0,0,0,0,0,0,0,0,0,0,0,0,0,1,1,1,0,1,0,Cloud Engineer
S0486,0,0,0,0,1,0,0,0,0,0,0,0,0,0,1,1,1,1,0,0,Cloud Engineer
S0487,0,0,0,0,0,0,0,0,0,0,0,0,0,0,1,1,1,0,0,0,Cloud Engineer
S0488,1,0,0,0,0,0,0,0,0,0,0,1,0,0,1,1,1,0,1,0,Cloud Engineer
S0489,1,0,1,0,0,0,0,0,0,0,0,0,0,0,1,1,1,0,1,0,Cloud Engineer
S0490,0,0,0,0,0,0,0,0,0,0,0,0,0,0,0,1,1,0,1,0,Cloud Engineer
S0491,0,0,0,0,0,0,0,0,0,0,0,0,0,0,1,1,1,0,1,0,Cloud Engineer
S0492,0,0,0,0,0,0,0,0,0,0,0,0,0,0,1,1,1,0,0,0,Cloud Engineer
S0493,0,0,0,0,0,0,0,0,0,0,1,0,0,0,1,1,1,0,0,0,Cloud Engineer
S0494,0,0,0,0,0,0,0,0,0,0,0,0,0,0,1,1,1,0,0,0,Cloud Engineer
S0495,1,0,0,0,0,0,0,0,0,0,0,0,0,0,1,1,1,0,0,0,Cloud Engineer
S0496,1,0,0,1,0,0,0,0,0,1,0,0,0,0,1,1,1,0,1,0,Cloud Engineer
S0497,0,0,0,0,0,0,0,0,0,0,0,0,0,0,1,1,1,0,1,1,Cloud Engineer
S0498,0,0,0,0,0,0,0,0,0,0,0,0,0,0,1,1,1,0,0,0,Cloud Engineer
S0499,1,0,0,0,0,0,0,1,0,0,0,0,0,0,1,1,1,0,0,0,Cloud Engineer
S0500,1,0,0,1,0,0,0,0,0,0,0,0,0,0,1,1,1,0,0,0,Cloud Engineer
S0501,0,0,0,1,0,1,0,0,0,0,0,0,0,0,1,1,1,0,0,0,Cloud Engineer
S0502,1,0,0,0,0,0,0,0,0,0,0,1,0,0,1,1,1,0,0,0,Cloud Engineer
S0503,0,0,0,0,1,0,0,0,0,0,0,0,0,0,1,1,1,0,0,0,Cloud Engineer
S0504,0,0,0,0,0,0,0,0,0,0,0,0,0,0,1,1,1,0,0,0,Cloud Engineer
S0505,0,0,0,0,0,0,0,0,0,0,0,0,0,0,1,1,1,0,1,0,Cloud Engineer
S0506,1,0,0,0,0,0,0,0,0,0,0,0,0,0,1,1,1,0,0,0,Cloud Engineer
S0507,0,0,0,0,0,0,0,0,0,0,0,0,0,0,1,1,1,0,0,1,Cloud Engineer
S0508,0,0,0,0,0,0,1,0,0,0,0,0,0,1,1,1,1,0,0,0,Cloud Engineer
S0509,0,0,0,0,0,0,0,0,0,0,0,0,0,0,1,1,1,0,0,1,Cloud Engineer
S0510,0,0,0,0,0,0,0,0,0,0,0,0,0,0,1,1,1,0,0,0,Cloud Engineer
S0511,0,0,0,0,0,0,0,0,0,0,0,0,0,1,1,1,1,0,0,0,Cloud Engineer
S0512,0,0,0,0,1,0,0,1,0,0,0,0,0,0,0,1,1,0,0,0,Cloud Engineer
S0513,0,0,0,0,0,0,0,0,1,0,0,0,0,0,1,1,1,0,0,0,Cloud Engineer
S0514,0,0,0,0,0,0,0,0,0,0,0,0,0,0,0,1,1,0,1,0,Cloud Engineer
S0515,1,0,0,0,0,0,0,0,0,0,0,0,0,1,1,1,1,0,0,0,Cloud Engineer
S0516,0,0,0,0,0,0,0,0,0,0,0,0,0,0,1,1,1,0,0,0,Cloud Engineer
S0517,0,0,1,0,0,0,0,0,0,0,0,0,0,0,1,1,1,0,1,0,Cloud Engineer
S0518,1,0,0,0,0,1,0,0,0,0,0,0,0,0,1,1,1,0,1,0,Cloud Engineer
S0519,0,0,0,0,0,0,0,0,0,0,0,0,0,0,1,1,1,0,0,0,Cloud Engineer
S0520,0,0,0,0,0,0,0,0,0,0,0,0,0,0,1,1,1,0,0,0,Cloud Engineer
S0521,0,0,0,0,0,0,0,0,0,0,0,0,0,0,1,1,1,0,0,0,Cloud Engineer
S0522,0,0,0,0,0,0,0,0,0,0,0,0,0,0,1,1,1,0,1,0,Cloud Engineer
S0523,0,0,0,0,0,0,0,0,0,0,0,0,0,0,1,1,1,0,0,0,Cloud Engineer
S0524,0,0,0,0,0,0,0,0,0,0,0,0,0,0,0,1,1,0,1,0,Cloud Engineer
S0525,1,0,0,0,0,0,0,0,0,0,0,0,0,0,1,1,1,0,0,0,Cloud Engineer
S0526,0,0,0,0,0,0,0,0,0,0,1,0,0,0,1,1,1,0,0,0,Cloud Engineer
S0527,0,0,0,0,0,0,0,0,0,0,0,0,0,0,1,1,1,0,0,0,Cloud Engineer
S0528,0,0,0,0,0,0,0,0,0,0,0,0,0,0,0,1,1,0,1,0,Cloud Engineer
S0529,0,0,0,0,0,0,0,0,0,0,1,0,0,0,1,1,1,0,1,0,DevOps Engineer
S0530,0,0,0,0,0,0,0,1,0,0,0,0,0,0,1,0,1,0,1,0,DevOps Engineer
S0531,1,0,0,0,1,0,0,0,0,0,0,0,0,0,1,1,0,0,1,0,DevOps Engineer
S0532,0,0,0,0,0,0,0,1,0,0,0,0,0,0,1,1,1,0,1,0,DevOps Engineer
S0533,0,0,0,0,0,0,0,1,0,0,0,0,0,0,1,1,1,0,1,0,DevOps Engineer
S0534,1,0,0,0,0,0,0,1,0,0,0,1,0,0,1,1,1,0,1,0,DevOps Engineer
S0535,0,0,0,0,0,0,0,1,0,0,0,0,0,0,1,1,1,0,1,0,DevOps Engineer
S0536,0,1,0,0,0,0,0,0,0,0,0,0,0,1,1,1,1,0,1,1,DevOps Engineer
S0537,0,0,0,0,0,0,0,1,0,0,0,0,0,0,1,1,1,0,1,0,DevOps Engineer
S0538,0,0,0,0,0,0,1,0,0,0,0,0,0,0,1,1,1,0,1,1,DevOps Engineer
S0539,1,1,0,0,0,0,0,0,0,0,0,0,0,0,1,1,1,0,1,0,DevOps Engineer
S0540,0,0,0,0,0,0,0,1,0,0,1,0,0,0,1,1,1,0,1,0,DevOps Engineer
S0541,0,0,0,0,0,0,0,1,0,0,0,0,0,0,0,1,1,0,1,0,DevOps Engineer
S0542,0,0,1,0,0,0,0,1,1,0,0,0,0,0,1,1,1,0,1,0,DevOps Engineer
S0543,1,0,0,0,0,0,0,1,0,0,0,0,0,0,1,1,0,0,1,0,DevOps Engineer
S0544,0,0,0,0,0,0,0,0,0,0,0,0,0,0,1,1,0,0,1,0,DevOps Engineer
S0545,1,0,1,0,0,0,0,0,0,0,0,0,0,0,1,0,1,0,1,0,DevOps Engineer
S0546,0,0,0,0,0,0,0,1,0,0,0,0,0,0,1,1,1,0,1,0,DevOps Engineer
S0547,0,0,0,1,0,0,0,0,0,0,0,0,0,0,1,1,1,0,1,0,DevOps Engineer
S0548,0,0,0,0,0,0,0,1,0,0,0,0,0,0,1,1,1,0,1,0,DevOps Engineer
S0549,0,0,0,0,0,1,0,0,0,0,0,0,0,0,1,1,1,0,1,0,DevOps Engineer
S0550,0,0,0,0,0,1,0,1,0,0,1,0,0,0,1,1,1,0,1,0,DevOps Engineer
S0551,0,0,0,0,0,0,0,1,0,0,0,0,0,0,1,1,1,0,1,0,DevOps Engineer
S0552,1,0,0,1,1,0,0,1,0,0,0,0,0,0,1,1,1,0,1,0,DevOps Engineer
S0553,1,0,0,0,1,0,0,1,1,0,0,0,0,0,1,1,1,0,1,0,DevOps Engineer
S0554,1,0,0,1,0,0,0,0,0,0,0,0,0,0,1,1,1,0,1,0,DevOps Engineer
S0555,0,0,1,0,0,0,0,1,0,0,0,0,0,0,1,1,1,0,1,0,DevOps Engineer
S0556,0,0,0,0,1,0,0,0,0,0,0,0,0,0,1,1,1,0,1,0,DevOps Engineer
S0557,0,0,0,0,0,1,0,1,0,0,0,0,0,0,1,1,1,0,1,0,DevOps Engineer
S0558,1,0,0,0,0,0,0,1,0,0,0,0,0,0,1,1,1,0,1,0,DevOps Engineer
S0559,1,1,0,0,0,0,0,0,0,0,0,0,0,0,1,1,1,0,1,0,DevOps Engineer
S0560,0,0,0,0,1,0,0,0,0,0,0,0,0,0,1,1,1,0,1,0,DevOps Engineer
S0561,0,0,0,0,0,0,0,0,0,1,0,0,0,0,1,1,1,0,1,0,DevOps Engineer
S0562,1,0,0,0,0,0,0,1,0,0,0,0,0,0,1,1,1,0,1,0,DevOps Engineer
S0563,0,0,0,0,0,0,0,0,0,0,1,0,0,0,1,1,1,0,1,0,DevOps Engineer
S0564,1,0,0,0,0,0,1,0,0,0,0,1,0,0,1,1,1,0,1,0,DevOps Engineer
S0565,0,0,0,0,0,0,0,1,0,0,0,0,0,0,1,1,1,0,1,0,DevOps Engineer
S0566,0,1,1,0,1,0,1,1,0,0,0,0,0,0,1,1,1,0,1,0,DevOps Engineer
S0567,1,0,0,1,0,0,0,0,0,0,0,1,0,0,1,1,1,0,1,1,DevOps Engineer
S0568,0,0,0,0,0,0,0,0,0,0,0,0,1,0,1,1,1,0,1,0,DevOps Engineer
S0569,0,0,0,0,0,0,0,1,0,0,0,0,0,0,1,1,1,0,1,0,DevOps Engineer
S0570,0,0,0,0,0,0,0,1,0,0,0,0,0,0,1,1,1,0,1,0,DevOps Engineer
S0571,1,0,0,0,0,0,0,1,0,0,0,0,0,0,1,1,1,0,1,0,DevOps Engineer
S0572,0,0,0,0,0,0,0,0,0,0,0,0,0,0,1,0,1,0,1,0,DevOps Engineer
S0573,0,0,0,0,0,0,0,1,1,0,0,0,0,0,1,0,1,1,1,0,DevOps Engineer
S0574,0,0,0,0,0,0,0,0,1,0,0,0,0,0,1,1,1,0,1,0,DevOps Engineer
S0575,0,0,0,1,0,0,0,1,0,1,0,0,0,0,1,1,1,0,1,0,DevOps Engineer
S0576,0,0,0,0,0,0,0,1,1,0,0,0,0,0,1,1,1,0,1,0,DevOps Engineer
S0577,0,0,0,0,0,0,0,1,0,0,0,0,0,0,1,1,1,0,1,0,DevOps Engineer
S0578,0,0,0,0,0,0,1,1,0,0,0,0,0,0,1,1,1,0,0,0,DevOps Engineer
S0579,0,0,0,1,0,0,0,0,0,0,0,0,0,0,1,1,1,0,1,0,DevOps Engineer
S0580,0,0,0,0,0,0,0,0,0,0,0,0,1,0,1,1,1,0,1,0,DevOps Engineer
S0581,0,0,0,0,0,0,0,1,0,0,0,0,0,0,1,1,1,0,1,0,DevOps Engineer
S0582,0,0,0,0,0,0,0,1,0,0,0,0,0,0,1,1,1,0,1,0,DevOps Engineer
S0583,1,0,0,0,0,0,1,1,0,0,0,0,0,0,1,0,1,0,1,0,DevOps Engineer
S0584,0,0,0,0,0,0,0,1,0,0,0,0,0,0,1,1,1,0,1,0,DevOps Engineer
S0585,1,0,0,0,0,0,0,1,0,0,0,0,0,0,1,1,1,0,1,0,DevOps Engineer
S0586,0,0,0,0,0,0,1,0,0,0,0,0,0,0,1,1,1,0,1,0,DevOps Engineer
S0587,1,0,0,0,0,0,0,1,0,0,0,0,0,0,1,1,1,0,1,0,DevOps Engineer
S0588,0,0,0,0,0,0,0,0,1,0,0,0,0,0,1,1,1,0,1,0,DevOps Engineer
S0589,0,1,0,0,0,0,0,0,0,0,0,0,1,0,1,1,1,0,1,0,DevOps Engineer
S0590,0,0,0,0,0,0,0,0,0,0,1,0,0,1,1,1,1,0,1,0,DevOps Engineer
S0591,0,0,0,0,0,0,1,0,0,0,0,0,0,0,1,1,1,0,1,0,DevOps Engineer
S0592,0,0,0,0,0,1,0,0,0,0,0,0,0,0,1,1,1,0,1,0,DevOps Engineer
S0593,0,0,0,0,0,0,0,1,0,0,0,0,0,0,1,1,1,0,1,0,DevOps Engineer
S0594,0,0,0,0,0,0,0,0,0,0,0,0,1,0,1,1,1,0,1,0,DevOps Engineer
S0595,1,1,1,0,0,0,0,0,1,0,0,0,0,0,0,0,0,0,1,0,Software Developer
S0596,0,1,1,0,0,0,0,0,1,0,0,0,0,0,1,0,0,0,1,1,Software Developer
S0597,0,1,1,0,0,0,0,0,1,1,0,0,0,0,0,0,0,1,1,0,Software Developer
S0598,0,1,1,0,0,0,0,0,1,0,0,0,0,0,0,0,0,0,1,1,Software Developer
S0599,0,1,1,0,0,0,0,0,1,1,0,0,0,0,0,0,1,0,0,0,Software Developer
S0600,1,1,1,1,0,0,0,0,1,0,0,0,0,0,0,0,0,0,1,0,Software Developer
S0601,0,1,1,0,0,0,0,0,1,0,0,0,0,0,0,0,0,0,1,1,Software Developer
S0602,0,1,1,0,0,0,0,0,1,1,0,0,0,0,0,0,0,0,1,0,Software Developer
S0603,0,1,1,0,0,0,0,0,1,1,0,0,0,0,0,0,0,0,1,0,Software Developer
S0604,0,1,1,0,0,0,0,1,1,0,0,0,0,0,0,0,0,0,1,0,Software Developer
S0605,0,1,1,0,0,0,0,0,1,0,0,0,0,0,0,0,0,0,1,0,Software Developer
S0606,0,1,1,0,1,0,0,1,1,0,0,0,0,0,1,0,0,0,0,0,Software Developer
S0607,0,0,1,0,0,0,0,0,1,0,0,0,0,1,0,0,0,0,1,0,Software Developer
S0608,1,1,1,0,0,0,0,1,1,0,0,0,0,0,0,0,0,0,1,0,Software Developer
S0609,0,1,1,0,0,0,0,0,1,1,0,0,0,0,1,0,1,0,1,0,Software Developer
S0610,1,1,1,0,0,0,0,0,1,0,0,0,0,0,0,0,0,0,1,0,Software Developer
S0611,0,1,1,0,0,0,0,0,1,0,0,0,0,0,0,0,0,0,1,0,Software Developer
S0612,0,1,1,0,1,0,0,0,1,0,0,0,0,0,0,0,0,0,1,0,Software Developer
S0613,1,1,1,0,0,1,0,0,1,0,0,0,0,0,0,0,0,0,1,0,Software Developer
S0614,0,1,1,0,0,0,0,0,1,0,0,0,0,0,0,0,0,0,0,0,Software Developer
S0615,0,1,1,0,0,0,0,0,1,1,0,0,0,0,0,0,0,0,1,0,Software Developer
S0616,1,1,1,0,0,0,0,0,1,0,0,0,0,0,0,0,0,0,1,0,Software Developer
S0617,0,1,1,0,0,0,0,0,1,0,0,0,0,0,0,0,1,0,1,0,Software Developer
S0618,0,1,1,0,0,0,0,0,1,0,0,0,0,0,0,0,0,0,1,0,Software Developer
S0619,0,1,1,0,0,0,0,0,1,0,0,0,0,0,0,0,0,0,1,0,Software Developer
S0620,0,1,1,1,1,0,0,0,1,1,0,0,0,0,0,0,0,0,0,0,Software Developer
S0621,0,1,1,0,0,0,1,0,1,1,0,0,0,0,0,0,0,0,1,0,Software Developer
S0622,0,1,1,1,0,0,1,0,1,0,0,0,0,0,0,0,0,0,1,0,Software Developer
S0623,1,1,1,0,0,0,0,0,1,1,0,0,0,0,1,0,0,0,1,0,Software Developer
S0624,1,1,1,0,0,0,0,0,1,1,0,0,0,0,0,0,0,0,1,0,Software Developer
S0625,0,1,1,0,0,0,0,0,1,0,0,0,0,1,0,0,0,0,1,0,Software Developer
S0626,0,0,1,0,0,0,0,0,1,1,0,0,0,0,0,0,0,0,1,0,Software Developer
S0627,0,1,1,0,0,0,0,0,1,0,1,0,0,0,0,0,0,0,1,0,Software Developer
S0628,0,1,1,0,0,0,0,0,1,1,0,0,0,0,0,0,0,0,1,0,Software Developer
S0629,0,1,1,0,0,0,0,0,1,0,0,0,0,0,1,0,1,0,1,1,Software Developer
S0630,0,1,1,0,0,0,0,0,1,0,0,0,0,0,0,0,0,0,1,0,Software Developer
S0631,0,1,1,0,0,0,0,0,1,0,0,0,0,0,1,0,0,0,1,0,Software Developer
S0632,1,1,1,0,0,0,0,0,1,0,0,1,0,0,0,0,0,0,1,0,Software Developer
S0633,0,1,0,0,0,0,0,0,1,0,0,0,0,0,0,0,0,0,1,0,Software Developer
S0634,0,1,1,0,0,0,0,0,1,0,0,0,0,0,0,0,0,0,1,1,Software Developer
S0635,0,1,1,0,0,0,0,1,1,0,0,0,0,0,0,0,0,0,1,0,Software Developer
S0636,0,1,1,0,0,0,0,0,1,0,0,0,0,0,1,0,0,0,1,0,Software Developer
S0637,0,1,1,0,0,0,0,0,1,0,0,0,0,0,0,0,0,0,1,0,Software Developer
S0638,0,1,0,0,0,0,1,0,1,0,1,0,0,0,0,0,0,0,1,0,Software Developer
S0639,0,1,1,0,1,0,0,1,1,0,0,0,0,0,0,0,0,1,1,0,Software Developer
S0640,0,1,1,0,0,0,0,1,0,0,0,0,0,0,0,0,0,0,1,0,Software Developer
S0641,0,1,1,0,0,0,0,0,1,1,0,0,0,0,0,0,0,0,1,0,Software Developer
S0642,0,1,1,0,0,0,0,0,0,0,1,0,1,0,0,0,0,0,1,0,Software Developer
S0643,0,1,1,0,0,0,0,0,1,0,0,0,0,0,0,0,0,0,1,0,Software Developer
S0644,0,1,1,0,0,0,0,0,1,0,0,0,0,0,0,0,0,0,1,0,Software Developer
S0645,1,1,1,0,1,0,0,0,1,1,0,0,0,0,0,0,1,0,1,0,Software Developer
S0646,0,1,1,0,0,1,0,0,1,0,0,0,0,0,1,0,0,0,1,0,Software Developer
S0647,0,1,1,0,0,0,0,0,1,0,0,0,0,0,0,0,0,0,1,0,Software Developer
S0648,0,1,1,0,0,0,1,0,1,1,0,0,0,0,0,0,0,0,1,0,Software Developer
S0649,0,1,1,0,0,0,0,0,1,0,0,0,0,0,0,1,0,0,1,0,Software Developer
S0650,0,1,1,0,0,0,0,0,1,0,0,0,0,0,0,0,0,0,1,0,Software Developer
S0651,1,1,1,0,0,0,0,0,1,0,0,0,0,0,0,0,0,0,1,0,Software Developer
S0652,0,1,1,0,0,0,0,0,1,0,0,0,0,0,0,0,0,0,1,0,Software Developer
S0653,0,1,1,1,0,0,0,1,1,0,0,0,0,0,0,0,0,0,1,0,Software Developer
S0654,1,1,1,0,0,1,0,0,1,0,0,0,0,0,0,0,0,0,1,0,Software Developer
S0655,0,1,1,0,0,0,0,0,1,0,0,0,0,0,0,0,0,0,1,0,Software Developer
S0656,0,1,1,0,0,0,0,0,1,1,0,0,0,0,0,0,1,0,1,0,Software Developer
S0657,1,1,1,0,0,0,0,0,1,0,0,0,0,0,0,0,0,0,1,0,Software Developer
S0658,0,1,1,0,0,0,0,0,1,0,0,0,0,0,0,0,0,0,1,0,Software Developer
S0659,1,1,1,0,0,1,0,0,1,0,0,0,0,0,0,0,0,0,1,0,Software Developer
S0660,1,1,1,0,0,0,0,0,1,0,0,0,0,0,0,0,0,0,1,0,Software Developer
S0661,0,0,0,1,1,1,0,0,0,0,0,0,0,0,0,0,0,0,0,1,UI/UX Designer
S0662,0,0,0,1,1,1,0,0,0,0,0,0,1,0,0,0,0,0,0,1,UI/UX Designer
S0663,0,0,0,1,1,1,0,0,0,0,0,0,0,0,0,0,0,0,0,1,UI/UX Designer
S0664,0,0,0,1,1,1,0,0,0,0,1,0,0,0,0,0,0,0,1,1,UI/UX Designer
S0665,0,0,0,1,1,1,0,0,0,0,0,0,0,0,0,0,0,0,0,1,UI/UX Designer
S0666,0,0,0,1,1,1,0,0,0,0,0,0,0,0,0,0,0,0,0,1,UI/UX Designer
S0667,0,0,0,1,1,1,0,0,0,0,0,0,0,0,0,0,0,0,0,1,UI/UX Designer
S0668,0,0,0,1,1,1,0,0,1,0,0,0,0,0,0,0,0,0,0,1,UI/UX Designer
S0669,0,0,0,1,1,1,0,0,0,1,0,0,0,0,0,0,0,0,0,1,UI/UX Designer
S0670,0,0,0,1,0,1,0,0,0,0,0,0,0,0,0,0,0,0,0,1,UI/UX Designer
S0671,0,0,0,1,1,1,0,0,0,0,0,0,0,0,0,0,0,0,0,1,UI/UX Designer
S0672,0,0,1,1,1,1,0,0,0,0,0,0,0,0,0,0,0,0,0,1,UI/UX Designer
S0673,0,0,0,1,0,1,0,0,0,0,0,0,0,0,0,0,0,0,0,1,UI/UX Designer
S0674,0,0,0,1,1,1,0,0,0,0,0,0,0,0,0,0,0,0,0,1,UI/UX Designer
S0675,1,0,0,1,1,1,1,0,0,0,0,0,0,0,0,0,0,0,0,1,UI/UX Designer
S0676,0,0,0,1,0,1,1,0,0,0,0,0,0,0,0,0,0,0,0,1,UI/UX Designer
S0677,0,0,0,1,1,1,0,0,0,0,0,0,0,0,0,0,0,0,0,1,UI/UX Designer
S0678,0,0,0,1,1,1,0,0,0,0,0,0,0,0,0,0,0,0,0,1,UI/UX Designer
S0679,0,0,1,1,0,1,0,0,0,0,0,0,0,0,0,0,0,0,0,1,UI/UX Designer
S0680,0,0,0,1,1,1,1,1,0,0,0,0,0,0,0,0,1,1,0,1,UI/UX Designer
S0681,0,0,0,0,1,1,0,0,0,0,0,0,0,0,0,0,0,0,0,1,UI/UX Designer
S0682,0,0,0,1,1,1,0,0,0,0,0,0,0,0,0,0,0,0,0,1,UI/UX Designer
S0683,1,0,0,1,1,1,0,0,0,0,0,1,0,0,0,0,0,0,0,1,UI/UX Designer
S0684,0,0,0,1,1,1,1,0,0,0,1,0,0,0,0,0,0,0,0,1,UI/UX Designer
S0685,0,0,0,1,1,1,0,0,0,0,0,0,0,0,0,0,0,0,0,1,UI/UX Designer
S0686,0,1,0,1,1,1,1,0,0,0,0,0,0,0,0,0,0,0,1,1,UI/UX Designer
S0687,0,0,0,1,1,1,0,0,0,0,0,0,0,0,1,0,0,0,0,1,UI/UX Designer
S0688,0,0,0,1,1,1,0,0,0,1,0,0,0,1,0,0,0,0,0,1,UI/UX Designer
S0689,0,0,0,1,1,1,0,0,0,0,0,0,0,0,0,0,0,0,0,1,UI/UX Designer
S0690,0,0,0,1,1,1,0,0,0,0,0,0,0,0,0,0,0,0,0,1,UI/UX Designer
S0691,0,0,0,1,1,1,1,0,0,0,0,0,0,0,0,0,0,0,1,0,UI/UX Designer
S0692,0,0,0,1,1,1,1,0,1,0,0,0,0,0,1,0,0,0,0,1,UI/UX Designer
S0693,0,0,1,1,1,1,1,0,0,0,0,0,0,0,0,1,0,1,0,1,UI/UX Designer
S0694,0,0,0,1,1,1,0,0,0,0,0,0,0,0,0,0,0,0,0,1,UI/UX Designer
S0695,0,0,0,1,1,1,1,0,0,0,0,0,0,0,0,0,1,0,0,1,UI/UX Designer
S0696,0,0,0,1,1,1,0,0,0,0,1,0,0,0,0,1,0,0,0,1,UI/UX Designer
S0697,0,0,1,1,1,1,0,0,0,0,0,0,0,0,0,0,0,0,0,1,UI/UX Designer
S0698,1,0,0,1,1,1,0,0,0,0,0,1,0,0,0,0,0,0,1,1,UI/UX Designer
S0699,1,0,0,1,1,1,1,0,0,0,0,0,0,0,0,0,0,0,0,1,UI/UX Designer
S0700,0,0,0,1,1,1,0,0,0,0,0,0,0,0,0,0,0,0,0,1,UI/UX Designer
S0701,0,0,0,1,1,1,1,0,0,0,0,0,0,1,0,0,0,1,0,1,UI/UX Designer
S0702,0,0,0,1,1,1,0,0,0,0,0,0,0,0,0,0,0,0,0,1,UI/UX Designer
S0703,0,0,0,1,1,1,0,0,0,0,0,0,1,0,0,0,1,0,1,1,UI/UX Designer
S0704,0,0,0,1,1,1,0,0,0,0,0,0,0,0,1,0,0,0,0,1,UI/UX Designer
S0705,0,0,0,1,1,1,0,0,0,0,0,0,1,0,0,1,0,0,1,1,UI/UX Designer
S0706,0,0,0,1,1,1,0,0,0,0,0,0,0,0,0,0,0,0,0,1,UI/UX Designer
S0707,0,0,0,1,1,1,0,0,0,0,0,0,0,0,0,0,0,0,0,1,UI/UX Designer
S0708,0,0,0,1,1,1,0,0,0,1,0,0,0,0,0,0,0,0,0,1,UI/UX Designer
S0709,0,0,0,1,1,1,0,0,0,0,0,0,1,0,0,0,0,0,0,1,UI/UX Designer
S0710,0,0,0,1,1,1,0,0,0,0,1,0,0,0,0,0,0,0,0,1,UI/UX Designer
S0711,0,0,0,1,1,1,0,0,0,0,0,0,0,0,0,0,0,0,0,1,UI/UX Designer
S0712,0,0,0,0,1,1,0,0,0,0,0,0,0,0,0,0,0,0,0,1,UI/UX Designer
S0713,0,1,0,1,1,1,1,0,0,0,0,0,0,0,0,0,0,0,1,1,UI/UX Designer
S0714,0,0,0,1,1,1,0,0,0,0,0,0,0,0,0,0,0,0,0,1,UI/UX Designer
S0715,0,0,0,0,1,1,0,0,0,0,0,0,0,0,0,0,0,0,0,1,UI/UX Designer
S0716,0,0,0,1,1,1,0,0,0,0,0,0,0,0,0,0,0,0,0,1,UI/UX Designer
S0717,0,0,0,1,1,1,0,0,0,0,0,0,0,0,0,0,0,0,0,1,UI/UX Designer
S0718,0,0,0,1,1,1,0,1,0,0,0,0,0,0,0,0,0,0,0,1,UI/UX Designer
S0719,0,0,0,1,1,1,0,0,0,0,0,0,0,0,0,0,0,0,0,1,UI/UX Designer
S0720,0,0,0,1,1,1,0,0,0,0,0,0,0,0,0,0,0,0,0,1,UI/UX Designer
S0721,0,0,0,0,1,1,0,0,0,0,0,0,0,0,0,0,0,0,0,1,UI/UX Designer
S0722,0,0,0,1,1,1,0,0,0,0,0,0,0,0,0,0,0,0,0,1,UI/UX Designer
S0723,0,0,0,1,1,1,0,0,0,0,0,0,0,0,0,1,0,0,0,1,UI/UX Designer
S0724,0,0,0,1,1,1,1,1,1,0,0,0,0,0,0,0,0,0,0,1,UI/UX Designer
S0725,0,0,0,0,1,1,0,0,0,0,0,0,1,0,0,0,0,0,0,1,UI/UX Designer
S0726,0,0,0,1,1,1,1,1,0,0,1,0,0,0,0,0,0,0,0,1,UI/UX Designer
S0727,0,0,0,0,0,0,1,0,1,1,0,0,0,0,0,1,0,0,1,0,Database Administrator
S0728,0,0,0,1,0,0,0,0,1,1,0,0,0,0,0,1,0,0,1,0,Database Administrator
S0729,0,0,0,0,0,0,0,0,1,1,0,0,0,0,0,0,0,0,0,0,Database Administrator
S0730,1,0,0,0,0,0,0,0,1,1,0,1,0,0,1,1,0,0,0,0,Database Administrator
S0731,0,1,0,0,0,0,0,0,1,1,0,0,0,0,0,1,0,0,0,0,Database Administrator
S0732,0,0,0,0,0,0,0,0,1,1,0,0,0,0,0,1,0,0,0,1,Database Administrator
S0733,1,0,0,0,0,1,0,0,1,1,0,0,0,0,0,1,0,1,0,0,Database Administrator
S0734,0,0,1,0,0,0,0,1,1,1,0,0,0,0,0,1,0,0,0,0,Database Administrator
S0735,0,0,0,0,0,0,0,0,1,1,0,0,0,0,0,1,0,0,0,0,Database Administrator
S0736,0,0,0,0,1,0,0,0,1,1,0,0,0,0,0,1,0,0,0,0,Database Administrator
S0737,0,0,0,0,0,0,0,0,1,1,0,0,0,0,0,1,0,0,0,0,Database Administrator
S0738,1,0,1,1,0,0,0,1,1,1,0,0,1,0,0,1,0,0,1,0,Database Administrator
S0739,0,0,0,0,0,0,0,0,1,1,0,0,0,0,0,1,0,0,0,0,Database Administrator
S0740,0,0,0,0,0,0,0,0,1,1,1,0,0,0,0,1,0,0,0,0,Database Administrator
S0741,0,0,0,0,0,0,0,1,1,1,0,0,0,0,0,1,0,1,1,0,Database Administrator
S0742,1,0,0,0,0,0,0,0,1,0,0,0,0,0,0,1,0,0,0,0,Database Administrator
S0743,0,0,0,0,0,0,0,1,1,0,0,0,0,0,0,1,1,0,0,0,Database Administrator
S0744,1,0,0,0,0,0,0,0,1,1,0,0,0,0,0,1,0,0,0,1,Database Administrator
S0745,0,1,0,0,0,0,0,0,1,1,0,0,0,0,0,1,0,0,0,0,Database Administrator
S0746,0,0,0,0,0,0,0,0,1,1,0,0,0,1,0,1,0,0,1,0,Database Administrator
S0747,0,0,0,0,0,0,0,0,1,1,0,0,0,0,0,1,0,0,0,0,Database Administrator
S0748,0,0,0,0,0,0,0,0,1,1,0,0,0,0,0,1,0,0,1,1,Database Administrator
S0749,0,0,0,0,0,0,0,0,1,0,0,0,0,0,0,1,0,0,0,0,Database Administrator
S0750,0,0,0,0,0,0,1,0,1,1,0,0,0,0,0,1,0,0,0,0,Database Administrator
S0751,0,0,0,0,0,0,0,0,1,1,0,0,1,0,0,1,0,0,0,0,Database Administrator
S0752,1,0,0,0,0,0,0,0,1,1,0,1,0,0,0,1,0,0,0,0,Database Administrator
S0753,0,0,0,0,0,0,0,0,1,1,0,0,0,0,1,1,0,0,0,0,Database Administrator
S0754,1,0,0,0,0,0,0,0,1,1,0,0,0,0,0,1,0,0,0,0,Database Administrator
S0755,0,0,0,0,0,0,1,0,1,1,0,0,0,0,0,1,0,0,0,0,Database Administrator
S0756,0,0,0,0,0,0,0,0,1,1,0,0,0,0,0,1,0,0,0,0,Database Administrator
S0757,0,0,0,0,0,0,1,0,1,1,0,0,0,0,0,1,0,0,1,0,Database Administrator
S0758,0,0,0,0,0,0,0,0,1,1,0,0,0,0,0,1,0,0,0,0,Database Administrator
S0759,0,0,1,0,1,0,0,0,1,1,0,0,0,0,0,1,0,0,1,0,Database Administrator
S0760,0,0,0,0,0,0,0,0,1,0,0,0,0,0,0,1,0,0,1,0,Database Administrator
S0761,1,0,0,0,0,0,0,0,1,1,0,0,0,0,1,1,0,0,0,0,Database Administrator
S0762,0,0,0,0,0,0,0,0,1,1,0,0,0,0,0,1,0,0,0,0,Database Administrator
S0763,0,0,0,0,0,0,1,0,1,1,0,0,0,0,0,1,0,0,0,0,Database Administrator
S0764,0,0,0,1,0,0,0,0,1,1,0,0,0,0,0,1,0,1,0,1,Database Administrator
S0765,1,0,0,0,0,0,1,0,1,1,0,0,0,0,0,1,0,0,1,0,Database Administrator
S0766,0,0,0,0,0,0,0,0,1,1,0,0,0,0,0,1,0,0,1,0,Database Administrator
S0767,1,0,0,0,1,0,1,0,1,1,0,0,0,0,0,1,0,0,0,0,Database Administrator
S0768,0,0,0,0,0,0,0,0,1,1,0,0,0,0,0,1,0,0,1,0,Database Administrator
S0769,0,0,0,0,0,0,0,0,1,1,0,0,0,0,0,1,0,0,1,0,Database Administrator
S0770,0,0,0,0,0,0,0,0,1,1,0,0,0,0,0,1,0,0,0,0,Database Administrator
S0771,0,0,0,0,0,0,0,0,1,1,0,0,0,0,0,1,0,1,1,0,Database Administrator
S0772,1,0,0,0,0,0,0,0,1,1,0,0,1,0,0,1,0,0,0,0,Database Administrator
S0773,0,0,0,0,0,1,0,0,1,1,0,0,0,0,0,1,0,0,0,0,Database Administrator
S0774,1,0,1,0,0,0,0,0,1,1,0,0,0,0,0,1,0,0,1,0,Database Administrator
S0775,0,0,0,0,0,0,0,0,1,1,0,0,0,1,0,1,0,0,0,0,Database Administrator
S0776,0,0,0,0,0,0,0,0,1,1,0,0,0,0,0,1,0,0,1,0,Database Administrator
S0777,1,0,0,0,0,0,0,0,1,1,0,0,0,0,1,1,0,0,1,0,Database Administrator
S0778,1,0,0,0,0,0,0,0,1,1,0,0,1,0,1,1,0,0,0,0,Database Administrator
S0779,0,0,0,0,0,0,0,0,1,1,0,0,0,0,0,1,0,0,0,0,Database Administrator
S0780,0,0,0,0,0,0,0,0,1,1,0,0,0,0,0,1,0,0,1,0,Database Administrator
S0781,0,0,0,0,0,0,0,0,1,0,0,0,0,0,0,1,0,0,0,0,Database Administrator
S0782,0,0,0,0,0,0,0,0,1,1,0,0,0,0,0,1,0,0,0,0,Database Administrator
S0783,0,1,0,0,0,0,0,0,1,1,1,0,0,0,0,0,0,0,0,0,Database Administrator
S0784,0,1,0,0,0,0,0,0,1,0,0,0,1,0,0,1,0,0,0,0,Database Administrator
S0785,0,0,0,0,0,0,0,1,1,1,0,0,0,0,0,1,0,0,0,0,Database Administrator
S0786,1,0,0,0,1,0,0,0,1,1,0,0,0,1,0,1,0,0,0,0,Database Administrator
S0787,1,0,0,0,0,0,0,0,1,1,1,0,0,0,0,1,0,0,1,0,Database Administrator
S0788,0,0,0,0,0,0,0,0,1,0,0,0,0,0,0,1,0,0,1,0,Database Administrator
S0789,0,0,0,0,0,0,0,0,1,1,0,0,0,0,0,1,0,0,0,0,Database Administrator
S0790,0,0,0,0,0,0,0,0,1,1,1,0,0,0,0,1,0,0,1,0,Database Administrator
S0791,1,0,0,0,0,0,0,0,1,1,1,0,0,0,1,1,0,0,0,0,Database Administrator
S0792,0,0,0,0,0,0,0,0,1,1,0,0,0,0,0,0,0,0,0,0,Database Administrator
